{
    "Atelectasis": 0.16445918381214142,
    "Consolidation": 0.15070271492004395,
    "Infiltration": 0.19507579505443573,
    "Pneumothorax": 0.08521107584238052,
    "Edema": 0.009456359781324863,
    "Emphysema": 0.5007686614990234,
    "Fibrosis": 0.5105956792831421,
    "Effusion": 0.06384826451539993,
    "Pneumonia": 0.005174830090254545,
    "Pleural_Thickening": 0.25571781396865845,
    "Cardiomegaly": 0.43042105436325073,
    "Nodule": 0.4696595072746277,
    "Mass": 0.22556865215301514,
    "Hernia": 0.022367099300026894,
    "Lung Lesion": 0.005388414487242699,
    "Fracture": 0.06134078651666641,
    "Lung Opacity": 0.21279580891132355,
    "Enlarged Cardiomediastinum": 0.09124889224767685
}