{
    "Atelectasis": 0.1595529466867447,
    "Consolidation": 0.091922827064991,
    "Infiltration": 0.27587175369262695,
    "Pneumothorax": 0.23894357681274414,
    "Edema": 0.013350308872759342,
    "Emphysema": 0.5010994672775269,
    "Fibrosis": 0.5206528902053833,
    "Effusion": 0.05128747224807739,
    "Pneumonia": 0.0205176193267107,
    "Pleural_Thickening": 0.33715447783470154,
    "Cardiomegaly": 0.3028409779071808,
    "Nodule": 0.5020085573196411,
    "Mass": 0.22714939713478088,
    "Hernia": 0.009242392145097256,
    "Lung Lesion": 0.012699224054813385,
    "Fracture": 0.056229304522275925,
    "Lung Opacity": 0.1540747582912445,
    "Enlarged Cardiomediastinum": 0.07966262847185135
}