{
    "Atelectasis": 0.27846795320510864,
    "Consolidation": 0.5036595463752747,
    "Infiltration": 0.38534775376319885,
    "Pneumothorax": 0.5014384984970093,
    "Edema": 0.011873695999383926,
    "Emphysema": 0.500137448310852,
    "Fibrosis": 0.501960813999176,
    "Effusion": 0.2456105798482895,
    "Pneumonia": 0.004018624313175678,
    "Pleural_Thickening": 0.5011638402938843,
    "Cardiomegaly": 0.0799800381064415,
    "Nodule": 0.46877384185791016,
    "Mass": 0.5534466505050659,
    "Hernia": 0.027008887380361557,
    "Lung Lesion": 0.0031205753330141306,
    "Fracture": 0.5059223771095276,
    "Lung Opacity": 0.7037742137908936,
    "Enlarged Cardiomediastinum": 0.4942035377025604
}