{
    "Atelectasis": 0.15955297648906708,
    "Consolidation": 0.091922827064991,
    "Infiltration": 0.27587175369262695,
    "Pneumothorax": 0.23894357681274414,
    "Edema": 0.013350321911275387,
    "Emphysema": 0.5010994672775269,
    "Fibrosis": 0.5206528902053833,
    "Effusion": 0.05128747224807739,
    "Pneumonia": 0.020517630502581596,
    "Pleural_Thickening": 0.3371545374393463,
    "Cardiomegaly": 0.3028411269187927,
    "Nodule": 0.5020085573196411,
    "Mass": 0.22714939713478088,
    "Hernia": 0.009242392145097256,
    "Lung Lesion": 0.012699228711426258,
    "Fracture": 0.0562293641269207,
    "Lung Opacity": 0.1540747582912445,
    "Enlarged Cardiomediastinum": 0.07966262847185135
}