{
    "Atelectasis": 0.4449433386325836,
    "Consolidation": 0.5079599618911743,
    "Infiltration": 0.5180496573448181,
    "Pneumothorax": 0.5006686449050903,
    "Edema": 0.03169635683298111,
    "Emphysema": 0.404987096786499,
    "Fibrosis": 0.5022655129432678,
    "Effusion": 0.36172276735305786,
    "Pneumonia": 0.00309811276383698,
    "Pleural_Thickening": 0.4165118932723999,
    "Cardiomegaly": 0.33605751395225525,
    "Nodule": 0.5221801996231079,
    "Mass": 0.5957881212234497,
    "Hernia": 0.056397486478090286,
    "Lung Lesion": 0.021401291713118553,
    "Fracture": 0.5096253752708435,
    "Lung Opacity": 0.7756084203720093,
    "Enlarged Cardiomediastinum": 0.5034224987030029
}