{
    "Atelectasis": 0.01602957956492901,
    "Consolidation": 0.06330506503582001,
    "Infiltration": 0.5006903409957886,
    "Pneumothorax": 0.10964474081993103,
    "Edema": 0.0004002151545137167,
    "Emphysema": 0.06811877340078354,
    "Fibrosis": 0.4067886173725128,
    "Effusion": 0.008557370863854885,
    "Pneumonia": 0.010688580572605133,
    "Pleural_Thickening": 0.15752901136875153,
    "Cardiomegaly": 0.003062418894842267,
    "Nodule": 0.22959107160568237,
    "Mass": 0.024073151871562004,
    "Hernia": 0.00032691904925741255,
    "Lung Lesion": 0.0013973214663565159,
    "Fracture": 0.06604626774787903,
    "Lung Opacity": 0.04867858812212944,
    "Enlarged Cardiomediastinum": 0.01635577902197838
}