{
    "Atelectasis": 0.11183246970176697,
    "Consolidation": 0.05698993429541588,
    "Infiltration": 0.2779737412929535,
    "Pneumothorax": 0.08481524139642715,
    "Edema": 5.780693027190864e-05,
    "Emphysema": 0.015482902526855469,
    "Fibrosis": 0.500527024269104,
    "Effusion": 0.011737112887203693,
    "Pneumonia": 0.0016935555031523108,
    "Pleural_Thickening": 0.16118799149990082,
    "Cardiomegaly": 0.00027015217347070575,
    "Nodule": 0.17682018876075745,
    "Mass": 0.08876467496156693,
    "Hernia": 0.011442477814853191,
    "Lung Lesion": 0.00010653816570993513,
    "Fracture": 0.05171949788928032,
    "Lung Opacity": 0.04409123212099075,
    "Enlarged Cardiomediastinum": 0.004826599732041359
}