{
    "Atelectasis": 0.10886023938655853,
    "Consolidation": 0.07110977917909622,
    "Infiltration": 0.5328118801116943,
    "Pneumothorax": 0.02879723533987999,
    "Edema": 0.0035066399723291397,
    "Emphysema": 0.017034079879522324,
    "Fibrosis": 0.0858004093170166,
    "Effusion": 0.026893744245171547,
    "Pneumonia": 0.005214346572756767,
    "Pleural_Thickening": 0.04038601741194725,
    "Cardiomegaly": 0.16972754895687103,
    "Nodule": 0.4354570209980011,
    "Mass": 0.18037743866443634,
    "Hernia": 0.00044013408478349447,
    "Lung Lesion": 0.016750875860452652,
    "Fracture": 0.1768915206193924,
    "Lung Opacity": 0.04995110258460045,
    "Enlarged Cardiomediastinum": 0.07088162750005722
}