{
    "Atelectasis": 0.03299262002110481,
    "Consolidation": 0.07206172496080399,
    "Infiltration": 0.22021479904651642,
    "Pneumothorax": 0.10307878255844116,
    "Edema": 0.000120331380458083,
    "Emphysema": 0.011139942333102226,
    "Fibrosis": 0.18491148948669434,
    "Effusion": 0.012421340681612492,
    "Pneumonia": 0.0002640621387399733,
    "Pleural_Thickening": 0.0851828008890152,
    "Cardiomegaly": 0.0013914137380197644,
    "Nodule": 0.2023024559020996,
    "Mass": 0.2118835151195526,
    "Hernia": 0.004586893133819103,
    "Lung Lesion": 8.297048043459654e-05,
    "Fracture": 0.06809664517641068,
    "Lung Opacity": 0.10793527960777283,
    "Enlarged Cardiomediastinum": 0.005963343661278486
}