{
    "Atelectasis": 0.15337520837783813,
    "Consolidation": 0.5194025039672852,
    "Infiltration": 0.5784429907798767,
    "Pneumothorax": 0.5025286674499512,
    "Edema": 0.24065738916397095,
    "Emphysema": 0.5052889585494995,
    "Fibrosis": 0.517194390296936,
    "Effusion": 0.20818161964416504,
    "Pneumonia": 0.4216933250427246,
    "Pleural_Thickening": 0.5043962001800537,
    "Cardiomegaly": 0.20268593728542328,
    "Nodule": 0.5085316896438599,
    "Mass": 0.5129914283752441,
    "Hernia": 0.005680047441273928,
    "Lung Lesion": 0.02585180662572384,
    "Fracture": 0.3292929232120514,
    "Lung Opacity": 0.8589417934417725,
    "Enlarged Cardiomediastinum": 0.5426950454711914
}