{
    "Atelectasis": 0.5217278003692627,
    "Consolidation": 0.5013389587402344,
    "Infiltration": 0.5072842240333557,
    "Pneumothorax": 0.4960612654685974,
    "Edema": 0.09089389443397522,
    "Emphysema": 0.5012284517288208,
    "Fibrosis": 0.37215951085090637,
    "Effusion": 0.19911284744739532,
    "Pneumonia": 0.16730809211730957,
    "Pleural_Thickening": 0.24414855241775513,
    "Cardiomegaly": 0.3528576195240021,
    "Nodule": 0.5074101686477661,
    "Mass": 0.5392265319824219,
    "Hernia": 0.2405802309513092,
    "Lung Lesion": 0.026827523484826088,
    "Fracture": 0.5263315439224243,
    "Lung Opacity": 0.5488508939743042,
    "Enlarged Cardiomediastinum": 0.5032981634140015
}