{
    "Atelectasis": 0.016029564663767815,
    "Consolidation": 0.06330512464046478,
    "Infiltration": 0.5006903409957886,
    "Pneumothorax": 0.10964469611644745,
    "Edema": 0.0004002155037596822,
    "Emphysema": 0.06811870634555817,
    "Fibrosis": 0.4067886173725128,
    "Effusion": 0.008557366207242012,
    "Pneumonia": 0.01068858616054058,
    "Pleural_Thickening": 0.1575290709733963,
    "Cardiomegaly": 0.0030624158680438995,
    "Nodule": 0.2295912653207779,
    "Mass": 0.02407314069569111,
    "Hernia": 0.0003269193693995476,
    "Lung Lesion": 0.0013973214663565159,
    "Fracture": 0.06604626774787903,
    "Lung Opacity": 0.04867858812212944,
    "Enlarged Cardiomediastinum": 0.016355786472558975
}