{
    "Atelectasis": 0.11183236539363861,
    "Consolidation": 0.05698993429541588,
    "Infiltration": 0.27797380089759827,
    "Pneumothorax": 0.08481524139642715,
    "Edema": 5.780686842626892e-05,
    "Emphysema": 0.015482902526855469,
    "Fibrosis": 0.500527024269104,
    "Effusion": 0.011737107299268246,
    "Pneumonia": 0.001693553989753127,
    "Pleural_Thickening": 0.16118799149990082,
    "Cardiomegaly": 0.00027015217347070575,
    "Nodule": 0.17682018876075745,
    "Mass": 0.08876463770866394,
    "Hernia": 0.011442477814853191,
    "Lung Lesion": 0.00010653807112248614,
    "Fracture": 0.05171949788928032,
    "Lung Opacity": 0.044091206043958664,
    "Enlarged Cardiomediastinum": 0.004826599732041359
}