{
    "Atelectasis": 0.10886029154062271,
    "Consolidation": 0.0711098462343216,
    "Infiltration": 0.5328118801116943,
    "Pneumothorax": 0.028797250241041183,
    "Edema": 0.003506642999127507,
    "Emphysema": 0.01703411154448986,
    "Fibrosis": 0.08580046147108078,
    "Effusion": 0.026893744245171547,
    "Pneumonia": 0.005214348901063204,
    "Pleural_Thickening": 0.040386032313108444,
    "Cardiomegaly": 0.16972769796848297,
    "Nodule": 0.4354571998119354,
    "Mass": 0.1803775131702423,
    "Hernia": 0.00044013408478349447,
    "Lung Lesion": 0.01675088331103325,
    "Fracture": 0.17689159512519836,
    "Lung Opacity": 0.04995112493634224,
    "Enlarged Cardiomediastinum": 0.0708816647529602
}