{
    "Atelectasis": 0.037340398877859116,
    "Consolidation": 0.03558792173862457,
    "Infiltration": 0.5567663908004761,
    "Pneumothorax": 0.01631058380007744,
    "Edema": 0.002419891534373164,
    "Emphysema": 0.004717948380857706,
    "Fibrosis": 0.021298423409461975,
    "Effusion": 0.007273981813341379,
    "Pneumonia": 0.0019352546660229564,
    "Pleural_Thickening": 0.014556665904819965,
    "Cardiomegaly": 0.06525436788797379,
    "Nodule": 0.3172394633293152,
    "Mass": 0.17682604491710663,
    "Hernia": 0.0001742095046211034,
    "Lung Lesion": 0.02252085693180561,
    "Fracture": 0.12761399149894714,
    "Lung Opacity": 0.025259369984269142,
    "Enlarged Cardiomediastinum": 0.05693620815873146
}