{
    "Atelectasis": 0.03299262002110481,
    "Consolidation": 0.07206179201602936,
    "Infiltration": 0.22021479904651642,
    "Pneumothorax": 0.10307878255844116,
    "Edema": 0.00012033149687340483,
    "Emphysema": 0.011139952577650547,
    "Fibrosis": 0.18491148948669434,
    "Effusion": 0.012421335093677044,
    "Pneumonia": 0.00026406190590932965,
    "Pleural_Thickening": 0.08518275618553162,
    "Cardiomegaly": 0.0013914137380197644,
    "Nodule": 0.20230236649513245,
    "Mass": 0.2118835151195526,
    "Hernia": 0.0045868889428675175,
    "Lung Lesion": 8.29705604701303e-05,
    "Fracture": 0.06809668242931366,
    "Lung Opacity": 0.10793525725603104,
    "Enlarged Cardiomediastinum": 0.00596334645524621
}