{
    "Atelectasis": 0.031213419511914253,
    "Consolidation": 0.11870931088924408,
    "Infiltration": 0.4970831871032715,
    "Pneumothorax": 0.08744673430919647,
    "Edema": 0.00041432847501710057,
    "Emphysema": 0.005505362991243601,
    "Fibrosis": 0.07411180436611176,
    "Effusion": 0.01609133556485176,
    "Pneumonia": 0.0016705075977370143,
    "Pleural_Thickening": 0.06367232650518417,
    "Cardiomegaly": 0.0010418026940897107,
    "Nodule": 0.16462336480617523,
    "Mass": 0.13658899068832397,
    "Hernia": 0.0017004437977448106,
    "Lung Lesion": 0.0005936039378866553,
    "Fracture": 0.06195444241166115,
    "Lung Opacity": 0.06441328674554825,
    "Enlarged Cardiomediastinum": 0.008986752480268478
}