{
    "Atelectasis": 0.27846795320510864,
    "Consolidation": 0.5036595463752747,
    "Infiltration": 0.3853476643562317,
    "Pneumothorax": 0.5014384984970093,
    "Edema": 0.011873689480125904,
    "Emphysema": 0.500137448310852,
    "Fibrosis": 0.501960813999176,
    "Effusion": 0.24561041593551636,
    "Pneumonia": 0.004018624313175678,
    "Pleural_Thickening": 0.5011638402938843,
    "Cardiomegaly": 0.07997996360063553,
    "Nodule": 0.468773752450943,
    "Mass": 0.5534466505050659,
    "Hernia": 0.027008846402168274,
    "Lung Lesion": 0.0031205720733851194,
    "Fracture": 0.5059223771095276,
    "Lung Opacity": 0.7037742137908936,
    "Enlarged Cardiomediastinum": 0.4942033886909485
}